,players_used,mp,starts,min,90s,ga,ga90,sota,saves,save%,w,d,l,cs,cs%,gpkatt,pka,pksv,pkm,pksave%,psxg,psxg/sot,psxg+/-,/90,gls,sh,sot,sot%,sh/90,sot/90,g/sh,g/sot,dist,fk,pk,pkatt,xg,npxg,npxg/sh,g-xg,np:g-xg,total cmp,total att,total cmp%,total totdist,total prgdist,short cmp,short att,short cmp%,medium cmp,medium att,medium cmp%,long cmp,long att,long cmp%,ast,xag,xa,a-xag,kp,p1/3,ppa,crspa,prgp,patt,plive,dead,pfk,tb,sw,crs,ti,ck,in,out,str,cmp,off,blocks,sca,sca90,sca passlive,sca passdead,sca to,sca sh,sca fld,sca def,gca,gca90,gca passlive,gca passdead,gca to,gca sh,gca fld,gca def,tackles tkl,tackles tklw,tackles def 3rd,tackles mid 3rd,tackles att 3rd,challenges tkl,challenges att,challenges tkl%,challenges lost,blocks blocks,blocks sh,blocks pass,int,tkl+int,clr,err,poss,touches,def pen,def 3rd,mid 3rd,att 3rd,att pen,live,att,succ,succ%,tkld,tkld%,carries,totdist,prgdist,prgc,1/3,cpa,mis,dis,rec,prgr,crdy,crdr,2crdy,fls,fld,tklw,pkwon,pkcon,og,recov,won,lost,won%,opp_players_used,opp_90s,opp_gls,opp_sh,opp_sot,opp_sot%,opp_sh/90,opp_sot/90,opp_g/sh,opp_g/sot,opp_dist,opp_fk,opp_pk,opp_pkatt,opp_xg,opp_npxg,opp_npxg/sh,opp_g-xg,opp_np:g-xg,opp_total cmp,opp_total att,opp_total cmp%,opp_total totdist,opp_total prgdist,opp_short cmp,opp_short att,opp_short cmp%,opp_medium cmp,opp_medium att,opp_medium cmp%,opp_long cmp,opp_long att,opp_long cmp%,opp_ast,opp_xag,opp_xa,opp_a-xag,opp_kp,opp_p1/3,opp_ppa,opp_crspa,opp_prgp,opp_patt,opp_plive,opp_dead,opp_pfk,opp_tb,opp_sw,opp_crs,opp_ti,opp_ck,opp_in,opp_out,opp_str,opp_cmp,opp_off,opp_blocks,opp_poss,opp_touches,opp_def pen,opp_def 3rd,opp_mid 3rd,opp_att 3rd,opp_att pen,opp_live,opp_att,opp_succ,opp_succ%,opp_tkld,opp_tkld%,opp_carries,opp_totdist,opp_prgdist,opp_prgc,opp_1/3,opp_cpa,opp_mis,opp_dis,opp_rec,opp_prgr,tls
Manchester City,2,38,38,3420,38,26,0.68,85,59,70.6,29,6,3,21,55.3,1,1,0,0,0.0,25.8,0.29,-0.2,-0.01,96,704,237,33.7,18.53,6.24,0.13,0.38,16.3,17,7,9,88.7,81.4,0.12,7.3,7.6,24406,27902,87.5,412596,117964,11713,12605,92.9,10158,11162,91.0,1972,2895,68.1,63,65.5,57.1,-2.5,536,2110,535,74,2421,27902,26239,1597,406,102,192,869,664,316,154,50,4,24406,66,355,1286,33.84,997,78,70,88,42,11,158,4.16,112,10,6,19,8,3,498,284,183,214,101,227,509,44.6,282,267,55,212,279,777,403,7,67.9,31381,1837,6566,15281,9729,1499,31372,741,425,57.4,316,42.6,21064,110018,61200,1145,840,386,497,316,24212,2402,42,1,0,321,330,284,7,1,0,1967,482,397,54.8,26,38,26,236,84,35.6,6.21,2.21,0.11,0.3,17.2,9,1,1,24.6,23.9,0.1,1.4,1.1,9984,13251,75.3,181301,71712,4365,5046,86.5,4222,4971,84.9,1104,2399,46.0,23,19.0,17.4,4.0,182,590,151,35,757,13251,11640,1517,376,50,89,397,493,108,52,37,3,9984,94,252,31.5,17313,3457,8404,6269,2844,464,17312,509,282,55.4,227,44.6,9091,46446,22113,392,286,119,510,271,9919,749,0.429718875502008
Newcastle Utd,3,38,38,3420,38,62,1.63,165,104,65.5,13,10,15,8,21.1,6,5,1,0,16.7,52.3,0.29,-7.7,-0.2,41,446,142,31.8,11.74,3.74,0.09,0.27,18.1,15,3,3,38.1,35.9,0.08,2.9,2.1,10201,14036,72.7,188373,77685,4545,5432,83.7,3917,4880,80.3,1343,2746,48.9,23,25.8,23.3,-2.8,308,791,193,55,923,14036,12203,1762,415,31,114,592,743,160,90,46,14,10201,71,281,758,19.95,504,81,61,57,44,11,70,1.84,46,4,5,9,6,0,659,383,334,266,59,304,641,47.4,337,420,162,258,360,1019,776,14,40.4,18281,2310,6731,7483,4314,727,18278,632,359,56.8,273,43.2,9243,50896,23964,544,397,163,622,359,10113,911,81,2,1,392,366,383,1,6,2,1835,677,619,52.2,29,38,60,524,159,30.3,13.79,4.18,0.1,0.35,17.6,23,5,6,57.1,52.6,0.1,2.9,2.4,17236,21214,81.2,291031,95996,8392,9334,89.9,6907,8022,86.1,1472,2768,53.2,43,42.7,36.0,0.3,398,1419,330,60,1725,21214,19431,1725,433,72,125,685,764,190,94,72,4,17236,58,292,60.1,25217,2219,6731,12257,6462,909,25211,641,337,52.6,304,47.4,14551,76683,41845,774,592,193,562,355,17121,1709,0.4188163884673748
Crystal Palace,2,38,38,3420,38,46,1.21,144,99,70.1,11,15,12,12,31.6,4,3,1,0,25.0,38.5,0.24,-5.5,-0.14,50,404,140,34.7,10.63,3.68,0.11,0.31,16.1,13,6,8,46.4,40.1,0.1,3.6,3.9,14983,19081,78.5,265538,92523,6553,7495,87.4,6521,7610,85.7,1467,2871,51.1,31,31.0,30.2,0.0,305,990,270,75,1229,19081,17115,1903,528,40,120,643,844,175,88,44,8,14983,63,316,711,18.71,500,63,43,46,43,16,81,2.13,53,3,7,8,9,1,637,374,323,236,78,273,575,47.5,302,452,135,317,333,970,761,5,51.1,23466,2753,8764,9989,4943,749,23458,687,382,55.6,305,44.4,13129,65928,33176,592,410,149,671,471,14878,1214,69,1,1,414,481,374,6,4,2,2103,610,618,49.7,24,38,44,439,140,31.9,11.55,3.68,0.09,0.29,17.9,20,3,4,40.7,37.6,0.09,3.3,3.4,14264,18471,77.2,250760,90242,6523,7559,86.3,5776,6884,83.9,1503,2862,52.5,30,28.3,29.8,1.7,304,1193,287,74,1402,18471,16628,1790,453,42,130,664,825,184,74,96,0,14264,53,360,49.1,22794,2209,7021,10187,5794,794,22790,575,302,52.5,273,47.5,12186,62876,31764,563,428,135,652,364,14161,1394,0.41287284144427
West Ham,2,38,38,3420,38,51,1.34,165,113,70.3,16,8,14,8,21.1,6,2,3,1,60.0,48.0,0.27,-1.0,-0.03,58,443,142,32.1,11.66,3.74,0.12,0.38,16.6,13,4,6,51.4,46.8,0.11,6.6,7.2,14326,18378,78.0,251152,89191,6627,7493,88.4,5789,6856,84.4,1479,2906,50.9,46,37.4,32.4,8.6,320,1106,271,87,1449,18378,16647,1672,309,29,146,802,770,200,135,43,1,14326,59,353,770,20.26,569,68,47,50,28,8,102,2.68,72,10,5,9,5,1,534,301,273,199,62,240,557,43.1,317,420,175,245,374,908,781,5,47.9,22331,2444,7012,9992,5543,810,22325,545,306,56.1,239,43.9,12622,68100,32664,646,479,171,520,294,14229,1437,52,3,2,323,276,301,3,6,2,1970,639,628,50.4,25,38,49,542,160,29.5,14.26,4.21,0.09,0.29,17.5,15,2,6,53.5,48.8,0.09,-4.5,-1.8,16243,20172,80.5,274834,94799,7672,8611,89.1,6637,7768,85.4,1391,2684,51.8,38,39.9,36.6,-1.9,415,1252,344,78,1536,20172,18525,1612,361,50,92,758,651,200,114,65,2,16243,35,280,52.2,24232,2449,7533,10770,6167,960,24226,557,317,56.9,240,43.1,14273,78362,42157,845,621,217,572,294,16104,1522,0.4363295880149812
Liverpool,2,38,38,3420,38,26,0.68,107,82,75.7,28,8,2,21,55.3,0,0,0,0,,26.6,0.26,1.6,0.04,94,721,237,32.9,18.97,6.24,0.12,0.37,16.7,13,7,8,88.7,82.7,0.12,5.3,4.3,21163,25552,82.8,370621,127087,9420,10506,89.7,9245,10569,87.5,2000,3211,62.3,71,63.5,56.2,7.5,527,1878,511,92,2243,25552,23742,1747,436,112,167,897,780,282,47,207,0,21163,63,374,1249,32.87,912,105,63,104,49,16,163,4.29,121,9,9,19,5,0,554,320,207,240,107,233,576,40.5,343,359,74,285,340,894,523,8,62.7,29575,2130,7195,14176,8419,1377,29567,635,343,54.0,291,45.8,17262,84190,45325,885,672,290,590,366,21042,2227,50,1,0,363,286,320,5,0,1,2265,571,467,55.0,27,38,25,297,107,36.0,7.82,2.82,0.08,0.23,17.2,14,0,0,33.8,33.8,0.12,-8.8,-8.8,11072,15214,72.8,197409,78984,5182,6086,85.1,4238,5248,80.8,1287,2809,45.8,18,27.5,24.0,-9.5,227,750,199,51,912,15214,13387,1683,403,89,105,460,678,117,70,37,0,11072,144,323,36.7,19789,3363,8838,7652,3510,540,19789,577,343,59.4,233,40.4,10261,50690,24148,469,309,139,655,321,10987,898,0.4223826714801444
Southampton,3,38,38,3420,38,67,1.76,183,118,64.5,9,13,16,8,21.1,2,2,0,0,0.0,57.2,0.31,-7.8,-0.21,41,478,161,33.7,12.58,4.24,0.08,0.23,17.7,24,4,4,44.8,41.6,0.09,-3.8,-4.6,12505,16941,73.8,211003,80089,6089,7173,84.9,4893,6093,80.3,1112,2591,42.9,26,32.5,28.7,-6.5,353,1016,249,58,1326,16941,15115,1784,411,43,81,711,750,233,106,105,4,12505,42,343,814,21.42,585,68,43,51,49,18,71,1.87,44,5,6,4,9,3,602,340,285,243,74,248,581,42.7,333,430,132,298,446,1048,795,13,47.7,21418,2216,6541,9409,5713,830,21414,624,350,56.1,274,43.9,11085,62327,31425,728,561,197,626,366,12388,1314,65,2,1,402,363,340,4,2,2,2224,672,726,48.1,25,38,65,493,181,36.7,12.97,4.76,0.13,0.35,16.2,11,2,2,60.0,58.5,0.12,5.0,4.5,14361,18812,76.3,252156,96214,6549,7740,84.6,5804,7009,82.8,1499,2833,52.9,47,45.7,34.4,1.3,365,1185,338,82,1497,18812,16984,1763,422,41,109,721,817,197,114,48,4,14361,65,349,52.1,23224,2471,7680,9846,5890,898,23222,581,333,57.3,248,42.7,12115,63337,31846,647,461,187,659,354,14247,1483,0.4352159468438538
Leicester City,2,38,38,3420,38,59,1.55,192,132,72.9,14,10,14,7,18.4,9,7,2,0,22.2,56.9,0.26,-1.1,-0.03,62,433,164,37.9,11.39,4.32,0.14,0.37,17.8,14,2,2,47.8,46.2,0.11,14.2,13.8,16129,20137,80.1,269547,94214,7751,8789,88.2,6573,7579,86.7,1329,2581,51.5,46,34.2,26.9,11.8,312,1025,254,57,1356,20137,18268,1809,457,65,105,556,769,185,113,42,2,16129,60,379,745,19.61,566,41,48,42,33,15,105,2.76,81,3,4,8,5,4,690,384,336,270,84,306,720,42.5,414,469,146,323,367,1057,777,15,52.0,24409,2771,8575,11067,4962,746,24407,547,297,54.3,250,45.7,13897,68708,34763,622,467,157,601,368,16036,1351,55,1,0,356,396,384,1,9,1,2015,530,553,48.9,28,38,58,556,183,32.9,14.63,4.82,0.09,0.28,16.4,15,7,9,59.3,52.6,0.1,-1.3,-1.6,14828,18823,78.8,262901,92485,6675,7635,87.4,6259,7300,85.7,1512,2798,54.0,36,39.8,38.1,-3.8,415,1210,342,77,1496,18823,17017,1733,391,63,150,738,788,218,129,63,2,14828,73,382,47.9,23094,2218,7065,10268,6018,1025,23085,720,414,57.5,306,42.5,13115,70989,36278,732,510,208,598,384,14699,1481,0.4434782608695652
Brighton,2,38,38,3419,38,44,1.16,146,102,71.9,12,15,11,11,28.9,4,3,0,1,0.0,42.5,0.28,-1.5,-0.04,40,482,141,29.3,12.68,3.71,0.07,0.26,17.7,15,4,7,46.2,40.7,0.09,-6.2,-4.7,16410,20588,79.7,288827,95307,7195,8172,88.0,7130,8208,86.9,1579,2953,53.5,30,32.3,31.5,-2.3,356,1187,342,72,1547,20588,18838,1697,390,58,152,728,784,200,84,96,0,16410,53,397,870,22.89,630,84,49,55,40,12,72,1.89,49,8,4,6,4,1,668,403,306,257,105,243,563,43.2,320,480,150,330,358,1026,723,12,54.4,24854,2629,8034,10520,6505,876,24847,559,317,56.7,242,43.3,13919,68537,35095,676,519,139,598,349,16278,1529,72,2,0,393,355,403,4,4,0,2154,569,498,53.3,26,38,44,472,143,30.3,12.42,3.76,0.09,0.29,18.6,21,3,4,42.9,39.8,0.09,1.1,1.2,13304,17380,76.5,231327,84959,6148,7119,86.4,5425,6514,83.3,1321,2648,49.9,34,30.0,25.7,4.0,342,996,255,58,1263,17380,15605,1733,417,36,113,680,740,211,106,55,6,13304,42,374,45.3,21578,2394,7672,8761,5358,830,21574,564,320,56.7,243,43.1,11610,61934,31945,642,446,197,581,425,13173,1250,0.3967065868263473
Brentford,3,38,38,3420,38,56,1.47,179,125,71.5,13,7,18,9,23.7,5,5,0,0,0.0,49.4,0.25,-4.6,-0.12,46,436,141,32.3,11.47,3.71,0.09,0.28,16.3,11,6,6,45.8,41.1,0.1,0.2,-1.1,11676,16272,71.8,211867,85983,5201,6312,82.4,4797,6120,78.4,1357,2852,47.6,33,33.0,33.8,0.0,311,942,262,81,1189,16272,14443,1763,432,50,70,640,778,159,84,47,9,11676,66,333,739,19.45,487,96,37,62,43,14,78,2.05,46,11,4,8,9,0,607,342,299,228,80,291,616,47.2,325,383,113,270,393,1000,863,7,44.8,20462,2793,7862,8201,4566,819,20456,476,262,55.0,214,45.0,10280,49925,26085,450,332,102,563,291,11565,1170,65,3,2,371,363,342,6,5,2,2061,717,728,49.6,29,38,54,498,174,34.9,13.11,4.58,0.1,0.28,18.2,22,5,5,48.5,44.6,0.09,5.5,4.4,15770,20238,77.9,263462,90458,7861,8970,87.6,5946,7075,84.0,1434,2945,48.7,41,34.7,32.3,6.3,359,1331,339,101,1523,20238,18429,1738,405,73,104,812,774,229,128,69,2,15770,71,329,55.5,24462,2251,6892,11000,6765,838,24457,616,325,52.8,291,47.2,13970,69503,34218,734,609,164,618,316,15638,1517,0.4365733113673805
Manchester Utd,1,38,38,3420,38,57,1.5,180,124,70.0,16,10,12,8,21.1,5,3,2,0,40.0,55.1,0.29,1.1,0.03,56,503,179,35.6,13.24,4.71,0.11,0.3,17.7,19,3,5,55.8,51.9,0.11,0.2,1.1,16690,20641,80.9,280259,93084,8162,9234,88.4,6398,7436,86.0,1548,2626,58.9,46,42.5,37.1,3.5,407,1315,312,65,1568,20641,18862,1691,376,80,187,659,725,197,74,88,0,16690,88,369,917,24.13,706,65,56,38,39,13,104,2.74,77,6,6,7,5,3,585,358,320,197,68,265,608,43.6,343,404,133,271,340,925,704,20,52.7,24652,2256,7391,11141,6331,883,24647,631,368,58.3,263,41.7,13954,76394,41495,784,587,213,538,333,16590,1562,77,2,1,396,320,358,3,5,3,2071,555,443,55.6,29,38,54,506,175,34.6,13.32,4.61,0.1,0.29,17.7,14,3,5,53.0,49.4,0.1,1.0,1.6,15051,18933,79.5,256170,90545,7180,8073,88.9,6013,7001,85.9,1373,2712,50.6,41,39.0,33.8,2.0,367,1088,303,61,1404,18933,17152,1709,462,61,139,648,668,207,105,67,3,15051,72,310,47.1,23079,2490,7246,10393,5671,814,23074,608,343,56.4,265,43.6,13079,67807,33613,672,482,173,547,320,14963,1396,0.388034188034188
Tottenham,1,38,38,3420,38,40,1.05,137,98,72.3,22,5,11,16,42.1,2,2,0,0,0.0,37.6,0.26,-1.4,-0.04,63,486,185,38.1,12.79,4.87,0.12,0.31,16.7,16,5,5,61.2,57.3,0.12,1.8,0.7,17204,20696,83.1,283871,93464,8270,9143,90.5,6856,7812,87.8,1376,2371,58.0,50,47.0,41.3,3.0,379,1172,338,81,1459,20696,18976,1658,430,88,133,632,676,193,78,62,0,17204,62,332,882,23.21,678,51,46,61,37,9,117,3.08,95,3,4,8,6,1,598,349,286,244,68,262,584,44.9,322,470,161,309,355,953,793,15,51.8,24853,2515,8010,11453,5627,864,24848,667,375,56.2,291,43.6,15122,82037,42338,791,596,195,588,341,17097,1450,69,1,1,386,406,349,3,2,1,1893,560,500,52.8,25,38,39,490,135,27.6,12.89,3.55,0.08,0.27,17.6,11,2,2,39.3,37.7,0.08,-0.3,-0.7,15570,19252,80.9,276489,89355,6902,7766,88.9,6689,7670,87.2,1575,2812,56.0,29,30.2,35.7,-1.2,359,1222,260,65,1443,19252,17557,1652,434,39,130,740,680,192,84,71,10,15570,43,348,48.0,23287,2341,6799,10610,6087,859,23285,585,322,55.0,262,44.8,13789,69157,34379,653,494,168,558,336,15465,1428,0.4163879598662207
Aston Villa,3,38,38,3420,38,54,1.42,149,96,66.4,13,6,19,11,28.9,6,4,1,1,20.0,46.5,0.29,-5.5,-0.14,50,461,159,34.5,12.13,4.18,0.1,0.3,17.6,20,3,3,44.0,42.0,0.09,6.0,5.0,12748,16499,77.3,220973,85405,5916,6803,87.0,5184,6136,84.5,1239,2571,48.2,42,34.8,30.0,7.2,356,1019,293,70,1300,16499,14615,1832,525,71,97,670,716,196,111,42,11,12748,52,278,837,22.03,608,85,49,41,48,6,93,2.45,65,9,9,7,3,0,634,382,300,259,75,300,649,46.2,349,453,140,313,339,973,693,13,46.5,20609,2411,6876,8896,5049,825,20606,587,333,56.7,254,43.3,11796,62511,31674,653,422,166,595,344,12668,1293,81,2,1,401,504,382,2,6,2,1850,538,561,49.0,31,38,52,471,144,30.6,12.39,3.79,0.1,0.33,17.4,22,4,6,49.0,44.1,0.1,3.0,3.9,15222,19079,79.8,275493,94504,6575,7465,88.1,6449,7500,86.0,1718,2960,58.0,35,33.7,30.1,1.3,348,1094,276,61,1514,19079,17229,1811,424,48,233,685,815,220,118,64,3,15222,39,372,53.5,23096,2362,7680,10237,5398,852,23090,649,349,53.8,300,46.2,12899,69297,36612,741,475,222,542,334,15104,1499,0.3974763406940063
Arsenal,2,38,38,3420,38,48,1.26,147,100,70.7,22,3,13,13,34.2,6,5,0,1,0.0,47.6,0.29,0.6,0.02,60,581,186,32.0,15.29,4.89,0.09,0.3,17.8,21,5,8,60.5,55.1,0.1,-0.5,-0.1,16176,19843,81.5,280868,91114,7325,8210,89.2,7187,8140,88.3,1326,2584,51.3,41,40.2,34.6,0.8,437,1354,329,74,1655,19843,18149,1628,404,77,132,633,679,208,153,23,5,16176,66,309,1030,27.11,788,68,57,66,39,12,99,2.61,69,8,4,13,4,1,540,311,261,195,84,244,500,48.8,256,386,123,263,296,836,658,20,52.8,23780,2227,7151,10336,6491,982,23772,590,319,54.1,271,45.9,13993,73530,39388,734,494,223,557,337,16066,1642,67,4,3,365,357,311,6,6,1,1861,463,572,44.7,27,38,47,419,142,33.9,11.03,3.74,0.1,0.3,17.6,16,5,6,45.7,40.9,0.1,1.3,1.1,14226,18005,79.0,245457,86660,6562,7418,88.5,5816,6793,85.6,1365,2710,50.4,33,33.3,27.7,-0.3,316,996,255,71,1191,18005,16238,1703,401,49,102,606,744,175,90,50,3,14226,64,295,46.8,21955,2653,7787,9302,5062,720,21949,500,256,51.2,244,48.8,12516,62771,30462,556,468,140,550,296,14105,1182,0.424074074074074
Chelsea,2,38,38,3420,38,33,0.87,115,83,76.5,21,11,6,16,42.1,6,6,0,0,0.0,31.6,0.22,-0.4,-0.01,75,583,200,34.3,15.34,5.26,0.11,0.34,17.4,26,8,9,63.4,56.6,0.1,11.6,10.4,21190,24888,85.1,342325,113085,10628,11617,91.5,8318,9322,89.2,1524,2514,60.6,52,44.9,42.6,7.1,439,1614,437,66,1967,24888,23158,1661,434,77,101,745,713,241,113,100,0,21190,69,364,1064,28.0,818,62,48,75,49,12,135,3.55,97,9,8,10,9,2,621,348,267,269,85,257,567,45.3,310,408,96,312,347,968,641,15,61.8,28975,2279,7926,13385,7881,1066,28966,624,364,58.3,260,41.7,17090,86187,46504,894,729,243,591,383,21040,1956,63,1,0,409,392,348,8,6,1,2084,538,486,52.5,26,38,32,335,109,32.5,8.82,2.87,0.08,0.24,18.1,11,6,6,33.2,28.9,0.09,-1.2,-2.9,11678,15424,75.7,201519,77479,5484,6336,86.6,4597,5508,83.5,1187,2493,47.6,20,21.7,21.0,-1.7,232,830,209,60,1004,15424,13651,1706,451,63,90,533,697,151,66,52,4,11678,67,346,37.7,19624,2723,7393,7923,4499,614,19618,567,310,54.7,257,45.3,10135,54161,25855,495,367,130,592,364,11579,993,0.4396135265700482
Leeds United,2,38,38,3420,38,79,2.08,224,146,67.0,9,11,18,5,13.2,5,5,0,0,0.0,62.4,0.26,-15.6,-0.41,42,480,142,29.6,12.63,3.74,0.08,0.26,18.3,13,5,5,44.4,40.4,0.09,-2.4,-3.4,13989,18288,76.5,242664,89161,6271,7285,86.1,5921,7050,84.0,1325,2754,48.1,26,31.3,25.1,-5.3,347,995,272,53,1483,18288,16432,1793,417,66,140,648,798,170,100,38,3,13989,63,368,825,21.71,589,68,52,60,42,14,66,1.74,36,2,10,10,5,3,787,437,396,298,93,408,886,46.0,478,473,143,330,395,1182,621,15,52.3,22705,2608,8521,9502,4919,789,22700,655,339,51.8,316,48.2,12260,67099,36354,671,412,170,676,298,13865,1467,101,3,0,469,368,437,4,5,1,2260,470,626,42.9,29,38,78,576,219,38.0,15.16,5.76,0.13,0.33,17.3,23,5,5,67.8,64.0,0.11,10.2,9.0,13019,17052,76.3,231597,94507,5810,6807,85.4,5455,6544,83.4,1383,2657,52.1,59,48.5,38.0,10.5,436,1003,309,58,1359,17052,15102,1897,498,100,92,568,829,181,86,79,3,13019,53,366,47.5,21610,2367,7145,9288,5440,949,21605,886,478,54.0,408,46.0,11522,65965,34372,700,480,208,675,379,12886,1339,0.4447268106734434
Wolves,2,38,38,3420,38,43,1.13,167,125,79.6,15,6,17,11,28.9,10,9,0,1,0.0,49.3,0.25,7.3,0.19,35,401,133,33.2,10.55,3.5,0.08,0.26,18.6,13,1,1,37.5,36.8,0.09,-2.5,-2.8,15253,19103,79.8,275607,92814,6533,7415,88.1,6610,7664,86.2,1718,3005,57.2,22,26.4,23.4,-4.4,294,1096,212,57,1283,19103,17380,1662,420,58,151,587,718,168,41,86,6,15253,61,329,692,18.21,496,44,65,37,31,19,58,1.53,37,4,5,8,2,2,673,377,377,242,54,273,671,40.7,398,437,135,302,389,1062,820,20,49.5,23334,2657,8472,10204,4887,703,23333,771,450,58.4,321,41.6,12837,69338,36188,723,522,190,598,341,15117,1262,62,2,2,366,335,377,1,10,1,2104,461,490,48.5,26,38,42,499,158,31.7,13.13,4.16,0.07,0.21,17.4,23,9,10,56.9,49.2,0.1,-14.9,-16.2,15751,19655,80.1,266604,92925,7523,8446,89.1,6393,7494,85.3,1355,2541,53.3,23,38.6,36.1,-15.6,369,1188,308,61,1520,19655,17914,1656,391,84,111,721,745,204,101,73,3,15751,85,367,50.4,23724,2067,6733,11161,6047,929,23714,671,398,59.3,273,40.7,13637,73717,38705,780,532,190,501,400,15627,1502,0.4398216939078752
Everton,2,38,38,3420,38,66,1.74,188,127,66.0,11,6,21,8,21.1,2,2,0,0,0.0,55.9,0.29,-5.1,-0.13,42,430,130,30.2,11.32,3.42,0.08,0.28,17.7,18,6,7,41.2,35.8,0.08,0.8,0.2,10366,14557,71.2,184813,76163,4889,5859,83.4,3844,4901,78.4,1215,2704,44.9,29,28.5,25.1,0.5,323,898,255,77,1100,14557,12746,1758,413,30,70,653,783,161,83,60,0,10366,53,345,742,19.53,533,69,43,42,45,10,68,1.79,46,4,4,6,8,0,705,402,369,252,84,336,735,45.7,399,496,140,356,365,1070,815,15,40.0,19075,2289,6394,7899,5013,728,19068,634,337,53.2,295,46.5,9422,53443,25599,512,388,143,640,325,10276,1086,82,6,2,368,388,402,7,2,5,2023,634,725,46.7,33,38,61,520,186,35.8,13.68,4.89,0.11,0.32,17.7,19,2,2,55.4,53.9,0.11,5.6,5.1,18019,22270,80.9,314878,107051,8044,9158,87.8,7922,9036,87.7,1610,2872,56.1,46,41.8,36.2,4.2,372,1448,329,74,1799,22270,20390,1837,397,44,129,719,859,219,114,62,8,18019,43,415,60.3,26579,2286,7934,12214,6624,880,26577,735,399,54.3,336,45.7,14994,76711,41763,735,574,160,664,369,17894,1782,0.4297872340425531
Fulham,2,38,38,3420,38,53,1.39,196,144,76.5,15,7,16,9,23.7,8,7,1,0,12.5,60.1,0.28,9.1,0.24,52,420,137,32.6,11.05,3.61,0.11,0.34,17.3,17,5,9,46.2,39.1,0.1,5.8,7.9,13974,18014,77.6,255629,89303,5867,6818,86.1,6222,7333,84.8,1551,2860,54.2,33,28.5,23.7,4.5,306,1044,284,97,1326,18014,16136,1818,471,20,157,769,795,182,70,69,2,13974,60,393,751,19.76,528,78,29,54,47,15,90,2.37,56,9,5,11,7,2,623,349,294,228,101,299,578,51.7,279,455,125,330,340,963,749,13,48.8,22160,2563,7461,9519,5414,758,22151,592,269,45.4,238,40.2,12249,68133,35319,662,471,124,536,379,13846,1316,80,1,0,411,405,349,8,8,2,1979,511,550,48.2,29,38,51,497,188,37.8,13.08,4.95,0.09,0.23,16.7,20,7,8,63.8,57.9,0.12,-12.8,-13.9,15001,19010,78.9,262050,93178,6992,8025,87.1,6190,7186,86.1,1459,2750,53.1,30,43.1,34.5,-13.1,361,1114,331,83,1406,19010,17219,1703,438,76,137,608,720,204,94,66,1,15001,88,368,51.3,23238,2494,7912,10257,5263,887,23230,674,279,41.4,299,44.4,13029,65866,32970,558,353,165,543,324,14833,1390,0.4398073836276083
Bournemouth,2,38,38,3420,38,71,1.87,204,136,68.1,11,6,21,8,21.1,7,6,0,1,0.0,63.6,0.29,-4.4,-0.11,37,358,126,35.2,9.42,3.32,0.1,0.29,15.5,14,0,0,38.6,38.6,0.11,-1.6,-1.6,11715,15381,76.2,206704,82672,5412,6278,86.2,4751,5644,84.2,1192,2491,47.9,24,28.5,26.3,-4.5,261,850,237,75,1006,15381,13607,1736,424,48,87,509,706,144,88,25,9,11715,38,342,616,16.21,445,45,52,43,24,7,64,1.68,44,5,4,8,2,1,618,371,316,249,53,256,606,42.2,350,499,170,329,353,971,1027,10,40.4,19950,2934,8004,7933,4256,699,19950,735,321,43.7,344,46.8,10336,55322,27419,504,388,144,589,367,11617,986,68,0,0,391,365,371,0,7,3,1942,521,539,49.2,31,38,68,619,198,32.0,16.29,5.21,0.1,0.31,17.0,15,6,7,63.9,58.4,0.1,4.1,3.6,18709,22764,82.2,328529,107187,8431,9452,89.2,8068,9207,87.6,1777,2972,59.8,49,45.3,44.6,3.7,455,1615,430,95,1988,22764,20999,1700,403,54,126,930,732,271,139,73,3,18709,65,395,59.9,26820,2088,7398,11841,7803,1107,26813,697,350,50.2,256,36.7,16186,82870,42849,810,575,211,550,362,18578,1976,0.3996763754045307
Nott'ham Forest,3,38,38,3420,38,68,1.79,182,112,65.9,9,11,18,8,21.1,9,6,2,1,25.0,60.1,0.3,-7.9,-0.21,36,362,111,30.7,9.53,2.92,0.09,0.3,17.2,9,3,6,39.3,34.6,0.1,-3.3,-1.6,9543,13606,70.1,177315,72656,4046,4952,81.7,4071,5126,79.4,1187,2708,43.8,22,26.3,20.5,-4.3,246,660,172,50,859,13606,11801,1738,446,31,66,530,720,128,65,53,1,9543,67,313,593,15.61,416,59,31,38,36,13,54,1.42,31,5,4,11,3,0,659,387,380,201,78,296,584,50.7,288,500,156,344,349,1008,944,6,37.6,17912,2715,7420,6953,3755,611,17906,569,254,44.6,235,41.3,8674,46411,24008,435,308,111,537,275,9452,847,84,0,0,445,390,387,3,9,0,1902,560,600,48.3,33,38,68,548,174,31.8,14.42,4.58,0.11,0.36,16.3,21,6,9,64.2,57.5,0.11,3.8,4.5,18444,22551,81.8,315466,104797,8568,9564,89.6,7833,8956,87.5,1577,2845,55.4,45,45.0,42.5,0.0,438,1523,392,80,1904,22551,20654,1839,477,79,123,817,816,239,99,93,6,18444,58,413,62.8,26490,2033,7131,12307,7232,1106,26481,697,288,41.3,296,42.5,15879,86558,47243,813,585,216,557,363,18267,1880,0.4127465857359635
